<?xml version="1.0" encoding="utf-8"?>
<extension version="3.0" type="plugin" group="user">
	<name>plg_login</name>
	<author>Joomla! Project</author>
	<creationDate>Dec 2017</creationDate>
	<copyright> Open Source Matters. All rights reserved.</copyright>
	<license>GNU General Public License version 2 or later; see LICENSE.txt</license>
	<authorEmail>pujakulkarni@gmail.com</authorEmail>
	<authorUrl>www.joomla.org</authorUrl>
	<version>1.0</version>
	<description>An example user synchronisation plugin</description>
	<files>
		<filename plugin="plg_login">plg_login.php</filename>
		<filename>index.html</filename>
	</files>
</extension>